map1_key,map1_value,map1_iron_value,map1_iron_value_number
znso4,zinc sulfate,"zinc,sulfate","1,1"
zncl2,zinc chloride,"zinc,chloride","1,2"
zn acetate,zinc acetate,"zinc,acetate","1,2"
zinc sulfate,zinc sulfate,"zinc,sulfate","1,1"
zinc chloride,zinc chloride,"zinc,chloride","1,2"
zinc acetate,zinc acetate,"zinc,acetate","1,2"
ybcl3,yb chloride,"yb,chloride","1,3"
xylitol,xylitol,xylitol,
vapour diffusion,vapour diffusion,,
vapor diffusion sitting drop,"vapor diffusion,sitting drop",,
vapor diffusion hanging drop,"vapor diffusion,hanging drop",,
vapor diffusion,vapor diffusion,,
urea,urea,urea,
tryptone,tryptone,tryptone,
trisodium citrate dihydrate,trisodium citrate,"sodium,citrate","3,1"
trisodium citrate ,trisodium citrate ,"sodium,citrate","3,1"
trisodium citrate,trisodium citrate,"sodium,citrate","3,1"
trismes,"tris,mes","tris,mes",
trishcl 85,tris,tris,
trishcl 76,tris,tris,
trisbicine,"tris,bicine","tris,bicine",
trisacetate,tris,tris,
tris hcl 24 peg3350,"tris,peg3350","tris,peg3350",
tris hydrochloride,"tris,hydrochloride","tris,hydrochloride",
tris hcl ,tris,tris,
tris acetate 100mm,tris,tris,
tris acetate,tris,tris,
tris ac ph70,tris,tris,
tris 85,tris,tris,
tris 80,tris,tris,
tris 01 m,tris,tris,
tris ,tris ,tris ,
trishcl,tris,tris,
tris,tris,tris,
tris hcl,tris,tris,
trishac,tris,tris,
trisoac,tris,tris,
trishcl ,tris,tris,
triscl,tris,tris,
trishoac,tris,tris,
smrnatrnafmetrf1antibiotic complex crystallization 01 m trishcl,tris,tris,
smrnatrnafmetrf1 complex crystallization 01 m trishcl,tris,tris,
tris 01m,tris,tris,
20mm trishcl,tris,tris,
d 55 mgml 40 mm tris,tris,tris,
tripotassium citrate,tripotassium citrate,"potassium,citrate","3,1"
trina citrate,trisodium citrate,"sodium,citrate","3,1"
trimethylamine noxide,tmao,tmao,
trilithium citrate,trilithium citrate,"lithium,citrate","3,1"
trifluoroethanol,trifluoroethanol,trifluoroethanol,
triammonium citrate,triammonium citrate,"ammonium,citrate","3,1"
trehalose,trehalose,trehalose,
tocopherol,tocopherol,tocopherol,
tmao,tmao,tmao,
tertbutanol,tertbutanol,tertbutanol,
tcep,tcep,tcep,
tcephcl,tcep,tcep,
tbutanol,tbutanol,tbutanol,
taurine,taurine,taurine,
tascimate,tacsimate ,tacsimate ,
taps,taps,taps,
tacsimate ,tacsimate ,tacsimate ,
tacsimate,tacsimate,tacsimate,
sucrose,sucrose,sucrose,
succinic acid,succinic acid,succinic acid,
succinate,succinate,succinate,
strontium chloride,strontium chloride,"strontium, chloride","1,1"
stated structure 70s ribosome complexed mrna trna 2006 science 313 1935,,,
srcl2,strontium chloride,"strontium, chloride","1,1"
spg,spg,spg,
spermine tetrahydrochloride,"spermine, tetrahydrochloride","spermine, tetrahydrochloride","1,1"
spermine hcl,spermine,spermine,
spermine,spermine,spermine,
sperminehcl,spermine,spermine,
spermidine,spermidine,spermidine,
sodiumpotassium tartrate,sodium potassium tartrate,"sodium,potassium,tartrate","1,1,1"
sodiumpotassium phosphate,sodium potassium phosphate,"sodium,potassium,phosphate","1,1,1"
sodium thiocyanate,sodium thiocyanate,"sodium,thiocyanate","1,1"
sodium tartrate,sodium tartrate,"sodium,tartrate","2,1"
sodium sulphate,sodium sulfate,"sodium,sulfate","2,1"
sodium sulfate,sodium sulfate,"sodium,sulfate","2,1"
sodium succinate,sodium succinate,"sodium,succinate","2,1"
sodium potassium tartrate,sodium potassium tartrate,"sodium,potassium,tartrate","1,1,1"
sodium potassium phosphate,sodium potassium phosphate,"sodium,potassium,phosphate","1,1,1"
sodium phosphate monobasic monohydrate,sodium phosphate monobasic,"sodium,phosphate monobasic","1,1"
sodium phosphate monobasic,sodium phosphate monobasic,"sodium,phosphate monobasic","1,1"
sodium phosphate dibasic,sodium phosphate dibasic,"sodium,phosphate dibasic","2,1"
sodium phosphate,sodium phosphate,"sodium,phosphate","3,1"
sodium oxamate,sodium oxamate,"sodium,oxamate","1,1"
sodium nitrate,sodium nitrate,"sodium,nitrate","1,1"
sodium malonate ,sodium malonate ,"sodium,malonate","1,1"
sodium malonate,sodium malonate,"sodium,malonate","1,1"
sodium iodide sodium malonate,"sodium iodide,sodium malonate","sodium,iodide,sodium,malonate","1,1,1,1"
sodium iodide,sodium iodide,"sodium,iodide","1,1"
sodium hydroxide,sodium hydroxide,"sodium,hydroxide","1,1"
sodium hydrogen phosphate,sodium phosphate dibasic,"sodium,phosphate dibasic","2,1"
sodium hepes,hepes,hepes,
sodium formate,sodium formate,"sodium,formate","1,1"
sodium fluoride,sodium fluoride,"sodium,fluoride","1,1"
sodium edta,"sodium, edta","sodium,edta",
sodium dithionite,sodium dithionite,"sodium,dithionite","2,1"
sodium dihydrogen phosphate,sodium phosphate monobasic,"sodium,phosphate monobasic","1,1"
sodium citrate tribasic dihydrate,sodium citrate,"sodium,citrate","3,1"
sodium citrate tribasic dehydrate,sodium citrate,"sodium,citrate","3,1"
sodium citrate tribasic,sodium citrate,"sodium,citrate","3,1"
sodium citrate ,sodium citrate ,"sodium,citrate","3,1"
sodium citrate,sodium citrate,"sodium,citrate","3,1"
tri sodium citrate,sodium citrate,"sodium,citrate","3,1"
sodium chloride,sodium chloride,"sodium,chloride","1,1"
sodium cacodylate trihydrate,sodium cacodylate,"sodium,cacodylate","1,1"
sodium cacodylate 70,sodium cacodylate,"sodium,cacodylate","1,1"
sodium cacodylate ,sodium cacodylate ,"sodium,cacodylate","1,1"
sodium cacodylate,sodium cacodylate,"sodium,cacodylate","1,1"
sodium bromide,sodium bromide,"sodium,bromide","1,1"
sodium azide,sodium azide,"sodium,azide","1,1"
sodium acetate trihydrate,sodium acetate trihydrate,"sodium,acetate","1,1"
sodium acetate 55,sodium acetate,"sodium,acetate","1,1"
sodium acetate ,sodium acetate ,"sodium,acetate","1,1"
sodium acetate,sodium acetate,"sodium,acetate","1,1"
sodium,sodium,sodium,
smrnatrnafmet complex crystallization 01 m trishcl,tris,tris,
sitting drop vapor diffusion,"sitting drop, vapor diffusion",,
sitting drop,sitting drop,,
selmer et al,,,
sds,sds,sds,
science 2006,,,
saturated ammonium sulfate,ammonium sulfate,"ammonium,sulfate","1,1"
sam,sam,sam,
rs1,,,
room,,,
ribosome 00065 mm 180 aml d50s 10 mm hepes,hepes,hepes,
reservoir 0507 m sodium chloride,sodium chloride,"sodium,chloride","1,1"
reservoir,,,
putrescine,putrescine,putrescine,
2propanol,propanol,propanol,
propanol,propanol,propanol,
 2propanol,propanol,propanol,
propanediol,propanediol,propanediol,
proline,proline,proline,
ppg p400,ppg p400,ppg p400,
potassiumsodium tartrate,potassium sodium tartrate,"potassium,sodium,tartrate","1,1,1"
potassiummes,"potassium,mes","potassium,mes",
potassium thiocyanate 4fold molar excess e coli release factor 1 complex formation reservoir 0406 m sodium chloride,"potassium thiocyanate,sodium chloride","potassium,thiocyanate,sodium,chloride","1,1,1,1"
potassium thiocyanate 4fold molar excess e coli release factor 1 1 mm blasticidin s complex formation reservoir 0406 m sodium chloride,"potassium thiocyanate, sodium chloride","potassium,thiocyanate,sodium,chloride","1,1,1,1"
potassium thiocyanate kscn,"potassium thiocyanate, potassium thiocyanate","potassium,thiocyanate,potassium,thiocyanate","1,1,1,1"
potassium thiocyanate,potassium thiocyanate,"potassium,thiocyanate","1,1"
potassium sulfate,potassium sulfate,"potassium,sulfate","2,1"
potassium sodium tartrate tetrahydrate,potassium sodium tartrate,"potassium,sodium,tartrate","1,1,1"
potassium sodium tartrate,potassium sodium tartrate,"potassium,sodium,tartrate","1,1,1"
potassium phosphate monobasic,potassium phosphate monobasic,"potassium,phosphate monobasic","1,1"
potassium phosphate dibasic,potassium phosphate dibasic,"potassium,phosphate dibasic","2,1"
potassium phosphate,potassium phosphate,"potassium,phosphate","3,1"
potassium nitrate,potassium nitrate,"potassium,nitrate","1,1"
potassium iodide,potassium iodide,"potassium,iodide","1,1"
potassium hydrogen phosphate,potassium phosphate dibasic,"potassium,phosphate dibasic","2,1"
potassium formate,potassium formate,"potassium,formate","1,1"
potassium fluoride,potassium fluoride,"potassium,fluoride","1,1"
potassium dihydrogen phosphate,potassium diphosphate,"potassium,diphosphate","1,1"
potassium citrate,potassium citrate,"potassium,citrate",
potassium chloride,potassium chloride,"potassium,chloride","1,1"
potassium cacodylate,potassium cacodylate,"potassium,cacodylate",
potassium bromide,potassium bromide,"potassium,bromide",
potassium acetate,potassium acetate,"potassium,acetate","1,1"
polyethylene glycol monomethyl ether 550,pegmme550,pegmme550,
polyethylene glycol monomethyl ether 5000,pegmme5000,pegmme5000,
polyethylene glycol monomethyl ether 2000,pegmme2000,pegmme2000,
polyethylene glycol 8000,peg8000,peg8000,
polyethylene glycol 8,peg8,peg8,
polyethylene glycol 6000,peg6000,peg6000,
 polyethylene glycol 6000,peg6000,peg6000,
polyethylene glycol 4000,peg4000,peg4000,
polyethylene glycol 400,peg400,peg400,
 polyethylene glycol 400,peg400,peg400,
polyethylene glycol 4,peg4,peg4,
polyethylene glycol 3350,peg3350,peg3350,
polyethylene glycol 3,peg3,peg3,
polyethylene glycol 1500,peg1500,peg1500,
polyethylene glycol 1000,peg1000,peg1000,
polyethylene glycol,peg,peg,
pmsf,pmsf,pmsf,
plp,plp,plp,
pipes,pipes,pipes,
phosphatecitrate,phosphate citrate,"phosphate,citrate","1,1"
phosphate citrate,phosphate citrate,"phosphate,citrate","1,1"
phosphate,phosphate,phosphate,
phenol,phenol,phenol,
pgalm,pgalm,pgalm,
peptidic ligand,peptidic ligand,peptidic ligand,
pep629,pep629,pep629,
pentanediol mpd,pentanediol mpd,"pentanediol,mpd,pentanediol,mpd",
pentanediol,pentanediol,pentanediol,
 pentaerythritol propoxylate pooh 54,pentaerythritol propoxylate 54 pooh,pentaerythritol propoxylate 54 pooh,
pentaerythritol propoxylate 54 pooh,pentaerythritol propoxylate 54 pooh,pentaerythritol propoxylate 54 pooh,
pentaerythritol ethoxylate 154 eooh,pentaerythritol ethoxylate 154 eooh,pentaerythritol ethoxylate 154 eooh,
pentaerythritol ethoxylate,pentaerythritol ethoxylate,pentaerythritol ethoxylate,
pegmme550,pegmme550,pegmme550,
pegmme5000,pegmme5000,pegmme5000,
pegmme2000,pegmme2000,pegmme2000,
mme 550,pegmme550,pegmme550,
peg8k,peg8000,peg8000,
peg8000,peg8000,peg8000,
15 peg8000,peg8000,peg8000,
peg800,peg800,peg800,
peg8,peg8,peg8,
peg6k,peg6000,peg6000,
peg6000,peg6000,peg6000,
12 peg6000,peg6000,peg6000,
7 peg6000,peg6000,peg6000,
peg600 01m mes,"peg600,mes","peg600,mes",
peg600,peg600,peg600,
peg6,peg6,peg6,
peg5k,peg5000,peg5000,
peg550mme,pegmme550,pegmme550,
 45 peg550mme,pegmme550,pegmme550,
peg550 mme,pegmme550,pegmme550,
45 peg550 mme,pegmme550,pegmme550,
peg550,peg550,peg550,
peg51,peg51,peg51,
peg5000mme,pegmme5000,pegmme5000,
peg5000 mme,pegmme5000,pegmme5000,
peg5000,peg5000,peg5000,
peg500 mme,pegmme500,pegmme500,
peg500,peg500,peg500,
peg4k,peg4000,peg4000,
peg4000,peg4000,peg4000,
30 peg4000,peg4000,peg4000,
13 peg4000,peg4000,peg4000,
peg400,peg400,peg400,
30 peg400,peg400,peg400,
25 peg400,peg400,peg400,
peg4,peg4,peg4,
peg3k,peg3000,peg3000,
peg3550,peg3550,peg3550,
peg3500,peg3500,peg3500,
peg350,peg350,peg350,
peg3400,peg3400,peg3400,
peg3350 01m hepes 025m ammonium sulfate,"peg3350,hepes,ammonium sulfate","peg3350,hepes,ammonium,sulfate","1,1,2,1"
peg3350,peg3350,peg3350,
20 peg3350,peg3350,peg3350,
24 peg3350,peg3350,peg3350,
22 peg3350,peg3350,peg3350,
25 peg3350,peg3350,peg3350,
26 peg3350,peg3350,peg3350,
18 peg3350,peg3350,peg3350,
15 peg3350,peg3350,peg3350,
peg3350 24,peg3350,peg3350,
weightvol peg3350,peg3350,peg3350,
gl peg3350,peg3350,peg3350,
peg3000,peg3000,peg3000,
peg300,peg300,peg300,
peg3,peg3,peg3,
peg2kmme,pegmme2000,pegmme2000,
peg2k,peg2000,peg2000,
"peg20k,peg550","peg20000,peg550","peg20000,peg550",
45 peg20k ,peg20000,peg20000,
peg20k,peg20000,peg20000,
30 peg20k,peg20000,peg20000,
29 peg20k,peg20000,peg20000,
45 peg20k,peg20000,peg20000,
68peg20k,peg20000,peg20000,
90 peg20k,peg20000,peg20000,
peg2000mme,pegmme2000,pegmme2000,
peg20000,peg20000,peg20000,
peg2000 mme,pegmme2000,pegmme2000,
peg2000,peg2000,peg2000,
peg200,peg200,peg200,
9 peg200,peg200,peg200,
peg20,peg20,peg20,
5 peg20,peg20,peg20,
peg1k,peg1000,peg1000,
peg1500,peg1500,peg1500,
peg1450,peg1450,peg1450,
peg10k,peg10000,peg10000,
peg10000,peg10000,peg10000,
"peg1000,peg3350","peg1000,peg3350","peg1000,peg3350",
peg1000,peg1000,peg1000,
peg10,peg10,peg10,
peg1,peg1,peg1,
peg monomethyl ether 2000,pegmme2000,pegmme2000,
pdtp,pdtp,pdtp,
pctp,pctp,pctp,
oxonate,oxonate,oxonate,
oil,,,
octyl glucoside,octyl glucoside,octyl glucoside,
null,,,
noctylbetadglucoside,noctylbetadglucoside,noctylbetadglucoside,
nicl2,nickel chloride,"nickel,chloride","1,2"
nickel chloride,nickel chloride,"nickel,chloride","1,2"
nh4so4,ammonium sulfate,"ammonium,sulfate","2,1"
nh4oac,ammonium acetate,"ammonium,acetate","1,1"
nh4no3,ammonium nitrate,"ammonium,nitrate","1,1"
nh4i,ammonium iodide,"ammonium,iodide","1,1"
nh4h2po4,ammonium monobasic phosphate,"ammonium,phosphate monobasic","2,1"
nh4f,ammonium fluoride,"ammonium,fluoride","1,1"
nh4cl,ammonium chloride,"ammonium,chloride","1,1"
nh4acetate,ammonium acetate,"ammonium,acetate","1,1"
nh4ac,ammonium acetate,"ammonium,acetate","1,1"
nh42so4,ammonium sulfate,"ammonium,sulfate","2,1"
nh42hpo4nah2po4,ammonium phosphate dibasic,"ammonium,phosphate dibasic","2,1"
nh42hpo4,ammonium phosphate dibasic,"ammonium,phosphate dibasic","2,1"
nh42 so4,ammonium sulfate,"ammonium,sulfate","2,1"
nh4 acetate,ammonium acetate,"ammonium,acetate","1,1"
ndsb201,,,
ndecylbetadmaltoside,ndecylbetadmaltoside,ndecylbetadmaltoside,
nascn,sodium thiocyanate,"sodium,thiocyanate",
naoh,sodium hydroxide,"sodium,hydroxide",
naoac,sodium acetate,"sodium,acetate","1,1"
nanodrop,,,
nano3,sodium nitrate,"sodium,nitrate","1,1"
nan3,sodium azide,"sodium,azide",
namalonate,sodium malonate,"sodium,malonate",
nakpo4,sodium potassium phosphate,"sodium,potassium,phosphate","1,1,1"
nakphosphate,sodium potassium phosphate,"sodium,potassium,phosphate","1,1,1"
nak tartrate,potassium sodium tartrate,"sodium,potassium,tartrate","1,1,1"
nak phosphate,sodium potassium phosphate,"sodium,potassium,phosphate","1,1,1"
nai,sodium iodine,"sodium,iodine",
nahepes,hepes,hepes,
nah2po4,sodium phosphate monobasic,"sodium,phosphate monobasic","1,1,1"
naformate,sodium formate,"sodium,formate","1,1"
naf,sodium fluorin,"sodium,fluorin",
nadph,nadph,nadph,
nadp,nadp,nadp,
nadh,nadh,nadh,
nad,nad,nad,
nacl,sodium chloride,"sodium,chloride","1,1"
nacitrate,sodium citrate,"sodium,citrate",
nacacodylate,sodium cacodylate,"sodium,cacodylate",
nabr,sodium bromide,"sodium,bromide",
naacetate,sodium acetate,"sodium,acetate","1,1"
naac,sodium acetate,"sodium,acetate","1,1"
na3citrate,sodium citrate,"sodium,citrate",
na2so4,sodium sulfate,"sodium,sulfate","2,1"
na2hpo4,sodium phosphate dibasic,"sodium,phosphate dibasic","1,1"
na tartrate,sodium tartrate,"sodium,tartrate","2,1"
na malonate,sodium malonate,"sodium,malonate",
na hepes,hepes,hepes,
na formate,sodium formate,"sodium,formate","1,1"
na citrate,sodium citrate,"sodium,citrate",
na cacodylate,sodium cacodylate,"sodium,cacodylate",
na acetate,sodium acetate,"sodium,acetate","1,1"
na,sodium ,sodium ,
mpd,mpd,mpd,
12 mpd,mpd,mpd,
 mpd,mpd,mpd,
10 mpd,mpd,mpd,
26 mpd,mpd,mpd,
9 mpd,mpd,mpd,
mopsna,"mops,sodium ","mops,sodium ",
mopshepesna,"mops,hepes,sodium ","mops,hepes,sodium ",
mops,mops,mops,
mncl2,mn chloride,"mn,chloride","1,2"
mmt,mmt,mmt,
peg,peg,peg,
microseeding,,,
microdialysis,,,
microbatch oil,,,
microbatch,,,
mib,mib,mib,
mgso4,magnesium sulfate,"magnesium,sulfate","1,1"
mgoac2,magnesium acetate,"magnesium,acetate","1,2"
mgoac,magnesium acetate,"magnesium,acetate","1,2"
mgno32,magnesium nitrate,"magnesium,nitrate","1,2"
mgcl26h2o,magnesium chloride,"magnesium,chloride","1,2"
mgcl2 75 mm nh4cl crystallization mixed 10 mm spermidine,"magnesium chloride,ammonium chloride,spermidine","magnesium,chloride,ammonium,chloride,spermidine","1,2"
mgcl2,magnesium chloride,"magnesium,chloride","1,2"
mgcl,magnesium chloride,"magnesium,chloride","1,2"
mgacetate,magnesium acetate,"magnesium,acetate","1,2"
mgac2,magnesium acetate,"magnesium,acetate","1,2"
mgac,magnesium acetate,"magnesium,acetate","1,2"
mg formate,magnesium formate,"magnesium,formate","1,2"
mg acetate,magnesium acetate,"magnesium,acetate","1,2"
methylpentanediol,methylpentanediol,methylpentanediol,
methyl2,methyl2,methyl2,
methanolwater reservoir,methanol,methanol,
methanol,methanol,methanol,
mestris,"mes,tris","mes,tris",
mesnaoh,mes,mes,
meskoh,mes,mes,
mesimidazole,"mes,imidazole","mes,imidazole",
mesbistris mega8 dtt edta licl methanol,"mes,bistris, mega8, dtt, edta, lithium chloride, methanol","mes,bistris,mega8,dtt,edta,lithium,chloride,methanol","1,1"
mesbistris,"mes,bistris","mes,bistris",
mes01m imidazole,"mes,imidazole","mes,imidazole",
mes 12 mpd,"mes,mpd","mes,mpd",
mes monohydrate,mes,mes,
mes 014020m ammonium acetate,"mes,ammonium acetate","mes,ammonium,acetate","1,1,1"
mes 20 peg20k,"mes,peg20000","mes,peg20000",
mes 65,mes,mes,
mes ,mes ,mes ,
mes,mes,mes,
mes 0025m,mes,mes,
mes 01m,mes,mes,
meshcl,mes,mes,
2mercaptoethanol,mercaptoethanol,mercaptoethanol,
mercaptoethanol,mercaptoethanol,mercaptoethanol,
mega8,mega8,mega8,
mega 8,mega8,mega8,
manganese chloride,manganese chloride,"manganese,chloride","1,2"
malonic acid,malonic acid,malonic acid,
malonate,malonate,malonate,
malic acid,malic acid,malic acid,
magnesium sulphate,magnesium sulfate,"magnesium,sulfate","1,1"
magnesium sulfate,magnesium sulfate,"magnesium,sulfate","1,1"
magnesium nitrate,magnesium nitrate,"magnesium,nitrate","1,2"
magnesium formate dihydrate,magnesium formate,"magnesium,formate","1,2"
magnesium formate,magnesium formate,"magnesium,formate","1,2"
11 magnesium chloridemagnesium sulfate,"magnesium chloride,magnesium sulfate","magnesium,chloride,magnesium,sulfate","1,2,1,1"
magnesium chloride hexahydrate,magnesium chloride,"magnesium,chloride","1,2"
magnesium chloride,magnesium chloride,"magnesium,chloride","1,2"
magnesium acetate tetrahydrate,magnesium acetate,"magnesium,acetate","1,2"
magnesium acetate 28mm dobc,magnesium acetate,"magnesium,acetate","1,2"
magnesium acetate,magnesium acetate,"magnesium,acetate","1,2"
magnesium acetate 28 mm dobc,magnesium acetate,"magnesium,acetate","1,2"
ltyrosine,ltyrosine,ltyrosine,
lproline,lproline,lproline,
lithium sulphate,lithium sulfate,"lithium,sulfate","2,1"
lithium sulfate monohydrate,lithium sulfate,"lithium,sulfate","2,1"
lithium sulfate,lithium sulfate,"lithium,sulfate","2,1"
lithium nitrate,lithium nitrate,"lithium,nitrate","1,1"
lithium citrate,lithium citrate,"lithium,citrate",
lithium chloride,lithium chloride,"lithium,chloride","1,1"
lithium acetate,lithium acetate,"lithium,acetate","1,1"
liso4,lithium sulfate,"lithium,sulfate","2,1"
liquid diffusion,,,
lipidic cubic phase,,,
licl2,lithium chloride,"lithium,chloride","1,1"
licl,lithium chloride,"lithium,chloride","1,1"
li2so4,lithium sulfate,"lithium,sulfate","2,1"
li sulfate,lithium sulfate,"lithium,sulfate","2,1"
ldao,ldao,ldao,
lcysteine,lcysteine,lcysteine,
larginine hcl,larginine,larginine,
larginine,larginine,larginine,
kscn 200 mm,potassium thiocyanate,"potassium,thiocyanate",
kscn,potassium thiocyanate,"potassium,thiocyanate",
kphosphate,potassium phosphate,"potassium,phosphate","3,1"
kno3,"potassium,nitrate","potassium,nitrate","1,1"
kna tartrate,potassium sodium tartrate,"potassium,sodium,tartrate","1,1,1"
kmes,kmes,kmes,
ki,potassium iodine,"potassium,iodine",
kh2po4,potassium phosphate monobasic,"potassium,phosphate monobasic","1,1"
kf,potassium fluorin,"potassium,fluorin",
120 mm kcl 0825 glycerol,"potassium chloride,glycerol","potassium,chloride,glycerol","1,1,1"
kcl,potassium chloride,"potassium,chloride","1,1"
100 mm kcl,potassium chloride,"potassium,chloride","1,1"
25 mm kcl,potassium chloride,"potassium,chloride","1,1"
25mm kcl,potassium chloride,"potassium,chloride","1,1"
kcacodylate,potassium cacodylate,"potassium,cacodylate",
kbr,potassium bromide,"potassium,bromide",
kacetate,potassium acetate,"potassium,acetate","1,1"
k2hpo4,potassium phosphate dibasic,"potassium,phosphate dibasic","2,1"
k,potassium ,potassium ,
jeffamine m600,jeffamine m600,jeffamine m600,
jeffamine ed2001,jeffamine ed2001,jeffamine ed2001,
 jeffamine ed2001,jeffamine ed2001,jeffamine ed2001,
jeffamine,jeffamine,jeffamine,
j5e,j5e,j5e,
isopropanol,isopropanol,isopropanol,
l isopropanol,isopropanol,isopropanol,
inhibitor,,,
imidazolemes,"imidazole,mes","imidazole,mes",
imidazolemalate,imidazolemalate,imidazolemalate,
imidazolehcl,imidazole,imidazole,
imidazole malate,"imidazole,malate","imidazole,malate",
imidazole ,imidazole ,imidazole ,
imidazole,imidazole,imidazole,
illimolar,,,
hexanediol precipitants crystallization drop hanged 10 ethanol 5 2ethyl1,"hexanediol ,ethanol ,2ethyl1","hexanediol ,ethanol ,2ethyl1",
hexanediol ddw reservoir,hexanediol,hexanediol,
hexanediol,hexanediol,hexanediol,
hexandiol,hexanediol,hexanediol,
hexaamminecobalt iii chloride,hexaamminecobalt chloride,"hexaamminecobalt,chloride","1,1"
heptanetriol,heptanetriol,heptanetriol,
hepps,hepes,hepes,
hepesnaoh ,hepes,hepes,
hepesnaoh,hepes,hepes,
hepesna,hepes,hepes,
hepeskoh,hepes,hepes,
hepeshcl ,hepes,hepes,
hepes sodium salt,"hepes,sodium","hepes,sodium",
hepes na,"hepes,sodium ","hepes,sodium ",
hepes sodium,"hepes,sodium","hepes,sodium",
hepes 75,hepes,hepes,
hepes ,hepes ,hepes ,
hepes,hepes,hepes,
16 hecameg reservoir 50mm kpi,hecameg,hecameg,
hcl,hydrogen chloride,"hydrogen,chloride","1,1"
hb,hb,hb,
haxanediol,haxanediol,haxanediol,
hanging drop vapor diffusion,,,
hanging drop mpd,mpd,mpd,
hanging drop,,,
guanidine hydrochloride,guanidine hydrochloride,"guanidine,hydrochloride","1,1"
gtp,gtp,gtp,
gsh,gsh,gsh,
glycine,glycine,glycine,
glycerol ethoxylate,glycerol ethoxylate,glycerol ethoxylate,
glycerol cryoprotectant,glycerol,glycerol,
glycerol,glycerol,glycerol,
6 glycerol,glycerol,glycerol,
15 glycerol,glycerol,glycerol,
glutathione,glutathione,glutathione,
glucose,glucose,glucose,
gl undecyl maltoside,undecyl maltoside,undecyl maltoside,
gl glycerol,glycerol,glycerol,
gdp,gdp,gdp,
formate,formate,formate,
fad,fad,fad,
evaporation,,,
etoh,ethonal,ethonal,
ethyleneglycol,ethyleneglycol,ethyleneglycol,
ethylene glycol,ethyleneglycol,ethyleneglycol,
ethyl1,ethyl1,ethyl1,
hanging drop 15 21 ethanolmethylpentanediol diffused hanging drop 180 auml d50s,ethanol methylpentane,ethanol methylpentane,
ethanol 05 2ethyl1,"ethanol, 2ethyl1","ethanol, 2ethyl1",
ethanol,ethanol,ethanol,
etgly,etgly,etgly,
es,,,
egta,egta,egta,
edta,edta,edta,
dxylose,dxylose,dxylose,
dtt,dtt,dtt,
dtm,dtm,dtm,
dmso,dmso,dmso,
dm,dm,dm,
dlmalic acid,dlmalic acid,dlmalic acid,
dlalanine,dlalanine,dlalanine,
dithiothreitol,dithiothreitol,dithiothreitol,
disodium tartrate,disodium tartrate,sodium tartrate,"2,1"
disodium hydrogen phosphate,disodium phosphate dibasic,"sodium,phosphate dibasic","2,1"
discussion structure,,,
dipotassium hydrogen phosphate,dipotassium phosphate dibasic,"potassium,phosphate dibasic","2,1"
dioxane,dioxane,dioxane,
 dioxane,dioxane,dioxane,
dimethylhexanediol,dimethylhexanediol,dimethylhexanediol,
dimethyl sulfoxide,dimethyl sulfoxide,"dimethyl,sulfoxide",
diheptanoylphosphatidylcholine,diheptanoylphosphatidylcholine,diheptanoylphosphatidylcholine,
dibasic sodium phosphate,sodium phosphate dibasic,"sodium,phosphate","2,1"
diammonium tartrate,diammonium tartrate,"ammonium,tartrate","2,1"
diammonium hydrogen phosphate,diammonium phosphate dibasic,"ammonium,phosphate","2,1"
diammonium hydrogen citrate,diammonium hydrogen citrate,"ammonium,hydrogen citrate","2,1"
dgalactose,dgalactose,dgalactose,
deoxybigchap,deoxybigchap,deoxybigchap,
deoxy bigchap,deoxybigchap,deoxybigchap,
deg c,,,
decylmaltoside,decylmaltoside,decylmaltoside,
ddt,ddt,ddt,
ddm,ddm,ddm,
cuso4,cu sulfate,"cu,sulfate","1,1"
cucl2,cu chloride,"cu,chloride","1,2"
cscl,cs chloride,"cs,chloride","1,1"
cocl2,cobalt chloride,"cobalt,chloride","1,2"
cobalt chloride,cobalt chloride,"cobalt,chloride","1,2"
citric acid,citric acid,citric acid,
citratephosphate,"citrate,phosphate","citrate,phosphate","1,1"
citrate ,citrate ,citrate ,
citrate,citrate,citrate,
ches,ches,ches,
chaps,chaps,chaps,
ch3coona,sodium acetate,"sodium,acetate","1,1"
saturated cetyltrimethylammonium bromide,cetyltrimethylammonium bromide,"cetyltrimethylammonium,bromide",
cesium chloride,cesium chloride,"cesium,chloride","1,1"
cdso4,cadmium sulfate,"cadmium,sulfate","1,1"
cdk2,,,
cdcl2,cadmium chloride,"cadmium,chloride","1,2"
capso,capso,capso,
caps,caps,caps,
caoac2,calcium acetate,"calcium,acetate","1,2"
calcium chloride dihydrate,calcium chloride,"calcium,chloride","1,2"
calcium chloride,calcium chloride,"calcium,chloride","1,2"
calcium acetate hydrate,calcium acetate,"calcium,acetate","1,2"
calcium acetate,calcium acetate,"calcium,acetate","1,2"
cadmium sulfate,cadmium sulfate,"cadmium,sulfate","1,1"
cadmium chloride,cadmium chloride,"cadmium,chloride","1,2"
cacodylic acid,cacodylic acid,"cacodylic,acid",
cacodylate,cacodylate,cacodylate,
final concentrations diffusion 50 mm cacodylate,cacodylate,cacodylate,
cacl2,calcium chloride,"calcium,chloride","1,2"
cacl,calcium chloride,"calcium,chloride","1,2"
caacetate,calcium acetate,"calcium,acetate","1,2"
caac2,calcium acetate,"calcium,acetate","1,2"
ca acetate,calcium acetate,"calcium,acetate","1,2"
substituting c12e8 betadm betaine glycerol,"c12e8, betadm, betaine, glycerol","c12e8, betadm, betaine, glycerol",
c,,,
butanol,butanol,butanol,
butanediol,butanediol,butanediol,
btp,btp,btp,
btp 65,btp,btp,
boric acid,boric acid,boric acid,
bog,bog,bog,
bme,bme,bme,
bistrispropane,bistris propane,bistris propane,
bistrismethanehcl,bistris methane,bistris methane,
bistris 30 peg3350,"bistris,peg3350","bistris,peg3350",
bistris propane ,bistris propane ,bistris propane ,
bistris propane,bistris propane,bistris propane,
bistris methane,bistris methane,bistris methane,
bistris hcl,bistris ,bistris ,
bistris 65,bistris ,bistris ,
bistris ,bistris ,bistris ,
bistris,bistris,bistris,
bistrishcl,bistris,bistris,
bis tris propane,bistris propane ,bistris propane ,
bis tris,bistris ,bistris ,
bicinetrizma base,bicinetrizma,bicinetrizma,
bicinenaoh,"bicine,sodium hydroxide","bicine,sodium,hydroxide","1,1,1"
bicine ,bicine ,bicine ,
bicine,bicine,bicine,
betaoctylglucoside,betaoctylglucoside,betaoctylglucoside,
betamercaptoethanol,bme,bme,
bes,bes,bes,
benzamidine,benzamidine,benzamidine,
batch method,,,
barium chloride,barium chloride,"barium,chloride","1,2"
bacl2,barium chloride,"barium,chloride","1,2"
azide,azide,azide,
atp,atp,atp,
argininehcl,arginine,arginine,
02 m argininehcl,arginine,arginine,
arginine,arginine,arginine,
200 mm arginine,arginine,arginine,
amso4,ammonium sulfate,"ammonium,sulfate","2,1"
amppnp,amppnp,amppnp,
amp,amp,amp,
ammoniumsulfate,ammonium sulfate,"ammonium,sulfate","2,1"
ammonium tartrate dibasic,ammonium tartrate dibasic,"ammonium,tartrate","2,1"
ammonium tartrate,ammonium tartrate,"ammonium,tartrate","2,1"
ammonium sulphate,ammonium sulfate,"ammonium,sulfate","2,1"
cacl2 mixed 11 3235 ammonium sulphate,ammonium sulfate,"ammonium,sulfate","1,2"
2 m ammonium sulphate,ammonium sulfate,"ammonium,sulfate","1,2"
ammonium sulfate,ammonium sulfate,"ammonium,sulfate","1,2"
 ammonium sulfate,ammonium sulfate,"ammonium,sulfate","1,2"
dtt set 11 ratio 16 20 m ammonium sulfate,ammonium sulfate,"ammonium,sulfate","1,2"
22 m ammonium sulfate,ammonium sulfate,"ammonium,sulfate","1,2"
 15 m ammonium sulfate,ammonium sulfate,"ammonium,sulfate","1,2"
ammonium phosphate monobasic,ammonium phosphate monobasic,"ammonium,phosphate monobasic","1,1"
ammonium phosphate dibasic,ammonium phosphate dibasic,"ammonium,phosphate dibasic","1,1"
ammonium phosphate,ammonium phosphate,"ammonium,phosphate","1,1"
ammonium nitrate,ammonium nitrate,"ammonium,nitrate","1,1"
ammonium iodide,ammonium iodide,"ammonium,iodide","1,1"
ammonium hydrogen phosphate,ammonium phosphate dibasic,"ammonium,phosphate dibasic","1,1"
ammonium formate,ammonium formate,"ammonium,formate","1,1"
ammonium fluoride,ammonium fluoride,"ammonium,fluoride","1,1"
ammonium dihydrogen phosphate,ammonium dihydrogen phosphate,"ammonium,dihydrogen phosphate","1,1"
ammonium citrate tribasic,ammonium citrate tribasic,"ammonium,citrate","3,1"
ammonium citrate dibasic,ammonium citrate dibasic,"ammonium,citrate","2,1"
ammonium citrate,ammonium citrate,"ammonium,citrate","1,1"
diammonium citrate,ammonium citrate,"ammonium,citrate","1,1"
ammonium chloride,ammonium chloride,"ammonium,chloride","1,1"
ammonium acetate,ammonium acetate,"ammonium,acetate","1,1"
6aminohexanoic acid,aminohexanoic acid,aminohexanoic acid,
amino acids,,,
adp,adp,adp,
ada,ada,ada,
acetonitrile,acetonitrile,acetonitrile,
acetone,acetone,acetone,
acetic acid,acetic acid,acetic acid,
acetate,acetate,acetate,
acdevdcmk reconstituted dmso,dmso,dmso,
6 mpd,mpd,mpd,
35 mm kcl,potassium chloride,"potassium,chloride","1,1"
2methyl2,2-Methyl-2-butanol,2-Methyl-2-butanol,
20 mm hepes,hepes,hepes,
1propanol,propanol,propanol,
1butanol,butanol,butanol,
165 mpd 2methyl2,"mpd,2-Methyl-2-butanol","mpd,2-Methyl-2-butanol",
14 mpd,mpd,mpd,
10 mm hepes,hepes,hepes,
10 glycerol,glycerol,glycerol,
02m argininehcl,arginine,arginine,
 tacsimate,tacsimate,tacsimate,
 polyethylene glycol 8000,peg8000,peg8000,
 polyethylene glycol 4000,peg4000,peg4000,
 polyethylene glycol 3350,peg3350,peg3350,
 polyethylene glycol 3,peg3,peg3,
 peg8000,peg8000,peg8000,
 peg6000,peg6000,peg6000,
 peg4000,peg4000,peg4000,
 peg400,peg400,peg400,
 peg3350,peg3350,peg3350,
 peg3000,peg3000,peg3000,
 peg20k,peg20000,peg20000,
 peg1500,peg1500,peg1500,
 peg1000,peg1000,peg1000,
 isopropanol,isopropanol,isopropanol,
 glycerol,glycerol,glycerol,
 ethylene glycol,ethylene glycol,ethylene glycol,
 ethanol,ethanol,ethanol,
 dmso,dmso,dmso,
 2methyl2,2-Methyl-2-butanol,2-Methyl-2-butanol,
 100mm nacl,sodium chloride,"sodium,chloride","1,1"
 03 m magnesium acetate,magnesium acetate,"magnesium,acetate","1,2"
2,,,
1,,,
1,,,
batch,,,
small tubes,,,
n,,,
names,,,
microbatch method oil,,,
illimolar reference 2 details concerning experimental procedures,,,
struct dyn 2 4,,,
crystal growth described kern et al 2005,,,
biochim biophys actabioenergetics ibrahim et al 2015,,,
microbatch paraffin oil,,,
conc,,,
molecular dimensions,,,
compound,,,
reservoir volume,,,
1,,,
room temperature,,,
protein 10 mm hepes,hepes,hepes,
100 mm trishcl,tris,tris,
6 peg4000,peg4000,peg4000,
sodium phosphate buffer,sodium phosphate,"sodium,phosphate","1,1"
buffer,,,
results,,,
sodium acetate buffer 55,sodium acetate,"sodium,acetate","1,1"
53 peg20k,peg20000,peg20000,
sodium acetate buffer,sodium acetate,"sodium,acetate","1,1"
ribosome solution containing 00065 mm 180 aml d50s 10 mm hepes,hepes,hepes,
protein solution 100mm nacl,sodium chloride,"sodium,chloride","1,1"
sodium citrate buffer,sodium citrate,"sodium,citrate","1,1"
sodium cloride,sodium chloride,"sodium,cloride","1,1"
020m ammonium acetate,ammonium acetate,"ammonium,acetate","1,1"
protein,,,
acetate buffer,acetate,acetate,
protein 20mm trishcl,tris,tris,
solution 03 m magnesium acetate,magnesium acetate,"magnesium,acetate","1,2"
null,,,
smrnatrnafmet complex crystallization buffer 01 m trishcl,tris,tris,
cdk2 protein,,,
10 peg4000,peg4000,peg4000,
pipes buffer,pipes,pipes,
ada buffer,ada,ada,
spg buffer,spg,spg,
protein concentrated 55 mgml 40 mm tris,tris,tris,
potassium thiocyanate 4fold molar excess e coli release factor 1 1 mm blasticidin s added complex formation reservoir 0406 m sodium chloride,"potassium thiocyanate,sodium chloride","potassium,thiocyanate,sodium,chloride","1,1,1,1"
phosphate buffer,phosphate,phosphate,
trishcl buffer,tris,tris,
hanging drop 15 21 ethanolmethylpentanediol diffused hanging drop 180 auml solution d50s,ethanol methylpentane,ethanol methylpentane,
seeding,,,
bistris buffer,bistris,bistris,
potassium thiocyanate 4fold molar excess e coli release factor 1 added complex formation reservoir 0406 m sodium chloride,"potassium thiocyanate,sodium chloride","potassium,thiocyanate,sodium,chloride","1,1,1,1"
chloride,chloride,chloride,
5 mm dtt,ddt,ddt,
20 glycerol,glycerol,glycerol,
bistrismethanehcl buffer,bistris methane,bistris methane,
mmt buffer,mmt,mmt,
drop,,,
70smrnatrnafmetrf1 complex crystallization buffer 01 m trishcl,tris,tris,
mib buffer,mib,mib,
01 m hepes,hepes,hepes,
70smrnatrnafmetrf1antibiotic complex crystallization buffer 01 m trishcl,tris,tris,
10 mm spermine hcl,spermine,spermine,
phosphatecitrate buffer,phosphate citrate,"phosphate,citrate","1,1"
mes buffer,mes,mes,
1j5e,,,
hepes 70,hepes,hepes,
diffusion,,,
tris buffer,tris,tris,
sulfate,sulfate,sulfate,
imidazole buffer,imidazole,imidazole,
mgcl2 75 mm nh4cl crystallization buffer mixed 10 mm spermidine,"magnesium chloride,ammonium chloride,spermidine","magnesium chloride,ammonium,chloride,spermidine","1,2,1,1,1"
buffer 1,,,
10 peg3350,peg3350,peg3350,
cacodylate buffer,cacodylate,cacodylate,
hepes buffer,hepes,hepes,
protein conc,,,
bes buffer,bes,bes,
 peg550mme,pegmme550,pegmme550,
citrate buffer,citrate,citrate,
peg 6000,peg6000,peg6000,
peg 1500,peg1500,peg1500,
peg 20000,peg20000,peg20000,
14 peg 8000,peg8000,peg8000,
peg 3500,peg3500,peg3500,
peg 1k,peg1000,peg1000,
polyethylene glycol peg 4000,peg4000,peg4000,
peg mme 2000,pegmme2000,pegmme2000,
25 peg 3350,peg3350,peg3350,
peg 4000,peg4000,peg4000,
peg 5000 mme,pegmme5000,pegmme5000,
peg 5000,peg5000,peg5000,
peg 2000mme,pegmme2000,pegmme2000,
peg 4k,peg4000,peg4000,
mpeg 5000,mpeg5000,mpeg5000,
peg 200,peg200,peg200,
26 peg 3350,peg3350,peg3350,
45 peg 20k,peg20000,peg20000,
24 peg 3350,peg3350,peg3350,
peg 2000 mme,pegmme2000,pegmme2000,
peg 2k mme,pegmme2000,pegmme2000,
peg 4k,peg4000,peg4000,
peg 5k mme,pegmme5000,pegmme5000,
peg 300,peg300,peg300,
43 peg 20k 4143 peg 550mme,"peg20000,pegmme550","peg20000,pegmme550",
10 peg 4000,peg4000,peg4000,
peg 1000,peg1000,peg1000,
20 peg 8000,peg8000,peg8000,
peg 4000,peg4000,peg4000,
45 peg 550 monomethylether,pegmme550,pegmme550,
peg 1450,peg1450,peg1450,
peg 200,peg200,peg200,
32 peg 20k,peg20000,peg20000,
synthetic mother liquor 75 saturated ammonium sulfate,ammonium sulfate,"ammonium,sulfate","1,2"
peg 51,peg51,peg51,
30 peg 8000,peg8000,peg8000,
peg 3350,peg3350,peg3350,
peg 8k,peg8000,peg8000,
null,,,
peg 3400,peg3400,peg3400,
peg 8,peg8,peg8,
13 peg 8000 575 glycerol 1 mm cucl2 100 mm sodium cacodylate,"peg8000,glycerol,cu chloride,sodium cacodylate","peg8000,glycerol,cu,chloride,sodium,cacodylate","1,1,1,2,1,1"
peg 10,peg10,peg10,
peg 3000,peg3000,peg3000,
peg 10000,peg10000,peg10000,
peg 3350,peg3350,peg3350,
20 peg 3350,peg3350,peg3350,
16 peg 3350,peg3350,peg3350,
peg 20k,peg20000,peg20000,
mpeg 2000,mpeg2000,mpeg2000,
11 peg 6000,peg6000,peg6000,
peg 550 mme,pegmme550,pegmme550,
peg 600,peg600,peg600,
3555 peg 550 monomethyl ether,pegmme550,pegmme550,
30 peg 4000 crystals obtained streakseeding,peg4000,peg4000,
peg 5000,peg5000,peg5000,
peg 400,peg400,peg400,
peg 2000 mme,pegmme2000,pegmme2000,
peg 6,peg6,peg6,
peg 8000,peg8000,peg8000,
30 peg 400,peg400,peg400,
pegmme 2000,pegmme2000,pegmme2000,
30 peg 3350,peg3350,peg3350,
20 peg 4000,peg4000,peg4000,
11 peg 6,peg6,peg6,
1017 peg 2000,peg2000,peg2000,
6 peg 6000,peg6000,peg6000,
15 peg 3350,peg3350,peg3350,
peg mme 2000,pegmme2000,pegmme2000,
15 peg 4000,peg4000,peg4000,
1,,,
10 peg 8000,peg8000,peg8000,
10 peg 3350,peg3350,peg3350,
peg 400,peg400,peg400,
peg 5000 mme,pegmme5000,pegmme5000,
peg 3,peg3,peg3,
drops,,,
peg 3000,peg3000,peg3000,
peg mme 5000,pegmme5000,pegmme5000,
5 peg 20,peg20,peg20,
12 peg 3350,peg3350,peg3350,
peg 350 monomethyl ether mme,pegmme350,pegmme350,
peg 20,peg20,peg20,
peg 2000,peg2000,peg2000,
peg 10000,peg10000,peg10000,
peg 2000,peg2000,peg2000,
peg 3350,peg3350,peg3350,
pegmme 550,pegmme550,pegmme550,
peg 4,peg4,peg4,
method,,,
pegmme 5000,pegmme5000,pegmme5000,
peg 5000mme,pegmme5000,pegmme5000,
citratephosphate buffer,citrate phosphate,"citrate,phosphate","1,1"
15 peg 8000,peg8000,peg8000,
peg 600,peg600,peg600,
peg mme 550,pegmme550,pegmme550,
peg 3k,peg3000,peg3000,
peg 4,peg4,peg4,
peg 8000,peg8000,peg8000,
polyethylene glycol peg 3350,peg3350,peg3350,
peg 1500,peg1500,peg1500,
30 peg 4000,peg4000,peg4000,
peg 1000,peg1000,peg1000,
55 peg 20k,peg20000,peg20000,
28 peg 3350,peg3350,peg3350,
55 peg 550mme,pegmme550,pegmme550,
peg 300,peg300,peg300,
21 ethanolmethylpentanediol diffused 180 auml solution d50s,"ethanolmethylpentanediol,d50s","ethanolmethylpentanediol,d50s",
polyethylene glycol peg 3350,peg3350,peg3350,
tris ac ph70 2535 mm kcl 61 peg 20000 1 glycerol 50mm sucrose,"tris,ac,potassium chloride,peg20000,glycerol,sucrose","tris,acete,potassium,chloride,peg20000,glycerol,sucrose","1,1,1,1,1,1,1"
peg 6k,peg6000,peg6000,
peg 20k,peg20000,peg20000,
peg 6000,peg6000,peg6000,
gl peg 3350da,peg3350,peg3350,
20 peg 6000,peg6000,peg6000,
peg 550mme,pegmme550,pegmme550,
peg 3,peg3,peg3,
peg 20000,peg20000,peg20000,
18 peg 3350,peg3350,peg3350,
peg 10k,peg10000,peg10000,
22 peg 3350,peg3350,peg3350,
21 peg 3350,peg3350,peg3350,
pentaerythritol propoxylate pooh 54,pentaerythritol propoxylate pooh 54,pentaerythritol propoxylate pooh 54,
15 m ammonium sulfate,ammonium sulfate,"ammonium,sulfate","1,2"
hepeshcl,hepes,hepes,
tricine,tricine,tricine,
23 peg3400,peg3400,peg3400,
c12e8,c12e8,c12e8,
polyethylene glycol 20000,peg20000,peg20000,
hepesnaoh buffer,hepes,hepes,
monomethyl ether 550,peg550,peg550,
protein concentration,,,
18 peg 6000,peg6000,peg6000,
peg 500 mme,pegmme500,pegmme500,
mopso,mopso,mopso,
18 peg4000,peg4000,peg4000,
hexanetriol,hexanetriol,hexanetriol,
peg 550,peg550,peg550,
mesna,mes,mes,
polyethylene glycol 10,peg10,peg10,
maltose,maltose,maltose,
sodium citratecitric acid,sodium citrate,"sodium,citrate","3,1"
peg 1,peg1,peg1,
heptane1,heptane,heptane,
polyethylene glycol peg 8000,peg8000,peg8000,
